date,users,new_users,sessions_per_user,sessions,session_duration,bounce_rate,pageviews,pages_per_session
2013-01-01,"67,283","17,706",1.05,"68,825",0:01:46,80.00%,"82,590",1.15
2013-01-02,"123,942","53,118",1.03,,0:01:25,72.22%,,1.44
2013-01-03,"194,766","88,530",1.13,,0:01:05,77.42%,,1.31
2013-01-04,"237,261","123,942",1.09,,0:02:09,87.67%,,1.15
2013-01-05,"134,566","60,200",1.13,,0:01:35,76.74%,,1.26
2013-01-06,"145,189","74,365",1.1,,0:01:25,86.67%,,1.27
2013-01-07,"283,296","92,071",1.15,,0:01:15,81.52%,,1.5
2013-01-08,"336,414","177,060",1.12,,0:01:08,80.19%,,1.27
2013-01-09,"343,497","198,307",1.13,,0:00:43,87.27%,,1.15
2013-01-10,"396,615","226,637",1.15,,0:01:04,83.72%,,1.32
2013-01-11,"350,579","201,849",1.09,,0:00:47,89.81%,,1.23
2013-01-12,"180,601","84,989",1.18,,0:00:30,88.33%,,1.15
2013-01-13,"141,648","63,742",1.12,,0:01:34,84.44%,,1.24
2013-01-14,"212,472","84,989",1.13,,0:01:05,86.76%,,1.25
2013-01-15,"240,802","92,071",1.15,,0:02:36,73.08%,,1.56
2013-01-16,"262,049","102,695",1.2,,0:01:46,78.65%,,1.64
2013-01-17,"311,626","166,437",1.2,,0:00:48,82.08%,,1.35
2013-01-18,"470,980","283,296",1.08,,0:01:16,84.62%,,1.29
2013-01-19,"216,013","99,154",1.18,,0:01:43,83.33%,,1.21
2013-01-20,"226,637","138,107",1.11,,0:01:51,87.32%,,1.13
2013-01-21,"240,802","131,024",1.13,,0:01:07,84.42%,,1.26
2013-01-22,"251,425","120,401",1.17,,0:00:49,78.31%,,1.47
2013-01-23,"403,697","212,472",1.22,,0:01:43,73.38%,,1.55
2013-01-24,"301,002","145,189",1.14,,0:01:13,85.57%,,1.29
2013-01-25,"244,343","113,318",1.2,,0:00:54,85.54%,,1.34
2013-01-26,"219,555","84,989",1.23,,0:02:37,76.32%,,1.49
2013-01-27,"233,719","120,401",1.3,,0:00:44,82.56%,,1.26
2013-01-28,"226,637","106,236",1.2,,0:01:49,77.92%,,1.44
2013-01-29,"233,719","84,989",1.29,,0:00:42,83.53%,,1.26
2013-01-30,"290,379","113,318",1.24,,0:02:21,76.47%,,1.48
2013-01-31,"272,673","102,695",1.18,,0:01:10,83.52%,,1.21
2013-02-01,"173,519","53,118",1.37,,0:02:27,80.60%,,2.1
2013-02-02,"212,472","95,612",1.13,,0:00:58,82.35%,,1.41
2013-02-03,"159,354","74,365",1.18,,0:02:25,84.91%,,2.09
2013-02-04,"364,744","184,143",1.17,,0:00:38,87.50%,,1.16
2013-02-05,"375,367","187,684",1.19,,0:02:10,73.02%,,1.43
2013-02-06,"297,461","127,483",1.25,,0:02:27,73.33%,,1.59
2013-02-07,"432,027","233,719",1.15,,0:00:52,85.71%,,1.24
2013-02-08,"385,991","194,766",1.2,,0:01:50,82.44%,,1.38
2013-02-09,"212,472","74,365",1.17,,0:01:04,85.71%,,1.19
2013-02-10,"442,650","269,131",1.07,,0:00:45,88.81%,,1.31
2013-02-11,"339,955","173,519",1.14,,0:00:42,90.83%,,1.11
2013-02-12,"304,543","148,731",1.13,,0:00:56,79.38%,,1.35
2013-02-13,"378,909","194,766",1.17,,0:01:36,76.00%,,1.25
2013-02-14,"339,955","141,648",1.16,,0:01:22,78.38%,,1.4
2013-02-15,"736,570","446,192",1.12,,0:00:53,84.55%,,1.16
2013-02-16,"513,474","322,249",1.15,,0:01:05,86.83%,,1.23
2013-02-17,"410,780","254,967",1.13,,0:01:31,87.79%,,1.27
2013-02-18,"640,958","361,203",1.13,,0:02:56,82.35%,,1.26
2013-02-19,"701,158","442,650",1.13,,0:00:35,85.71%,,1.29
2013-02-20,"1,628,953","1,072,984",1.08,,0:01:26,85.14%,,1.26
2013-02-21,"1,551,047","1,080,067",1.1,,0:01:38,85.42%,,1.16
2013-02-22,"927,795","605,546",1.11,,0:01:10,82.13%,,1.24
2013-02-23,"453,274","262,049",1.07,,0:00:42,86.86%,,1.13
2013-02-24,"371,826","240,802",1.05,,0:00:46,90.91%,,1.24
2013-02-25,"591,381","308,085",1.1,,0:00:54,88.52%,,1.19
2013-02-26,"531,180","304,543",1.18,,0:00:50,84.75%,,1.3
2013-02-27,"488,686","233,719",1.08,,0:04:12,82.55%,,1.25
2013-02-28,"432,027","216,013",1.1,,0:01:16,79.10%,,1.25
2013-03-01,"343,497","180,601",1.12,,0:01:20,80.73%,,1.28
2013-03-02,"233,719","123,942",1.12,,0:02:38,89.19%,,1.84
2013-03-03,"272,673","152,272",1.17,,0:01:35,80.00%,,1.47
2013-03-04,"885,301","478,062",1.11,,0:01:21,87.00%,,1.2
2013-03-05,"704,699","375,367",1.14,,0:01:27,87.67%,,1.36
2013-03-06,"725,947","361,203",1.08,,0:02:45,55.20%,,1.38
2013-03-07,"757,817","400,156",1.08,,0:04:49,0.00%,,1.37
2013-03-08,"555,969","244,343",1.11,,0:05:04,0.00%,,1.43
2013-03-09,"400,156","187,684",1.12,,0:04:23,0.00%,,1.19
2013-03-10,"283,296","169,978",1.07,,0:08:53,0.00%,,1.12
2013-03-11,"389,532","194,766",1.04,,0:05:00,0.00%,,1.39
2013-03-12,"378,909","169,978",1.06,,0:08:42,0.00%,,1.21
2013-03-13,"502,851","223,096",1.13,,0:11:36,0.62%,,1.41
2013-03-14,"417,862","166,437",1.1,,0:05:50,0.77%,,1.22
2013-03-15,"410,780","180,601",1.19,,0:03:54,0.00%,,1.53
2013-03-16,"393,073","177,060",1.14,,0:02:01,0.00%,,1.4
2013-03-17,"410,780","205,390",1.21,,0:02:15,0.00%,,1.76
2013-03-18,"640,958","364,744",1.14,,0:01:17,0.00%,,1.36
2013-03-19,"520,557","308,085",1.12,,0:01:46,0.00%,,1.49
2013-03-20,"456,815","201,849",1.16,,0:01:18,0.00%,,1.28
2013-03-21,"757,817","385,991",1.11,,0:01:41,0.00%,,1.36
2013-03-22,"888,842","474,521",1.1,,0:00:38,0.00%,,1.17
2013-03-23,"718,864","403,697",1.05,,0:00:33,0.00%,,1.23
2013-03-24,"524,098","269,131",1.16,,0:02:36,0.00%,,1.51
2013-03-25,"616,169","279,755",1.07,,0:01:45,0.00%,,2.53
2013-03-26,"630,334","332,873",1.18,,0:01:42,0.00%,,1.55
2013-03-27,"931,336","432,027",1.12,,0:02:23,0.00%,,1.31
2013-03-28,"725,947","347,038",1.22,,0:02:11,0.00%,,1.32
2013-03-29,"686,993","262,049",1.15,,0:02:31,0.00%,,1.34
2013-03-30,"506,392","251,425",1.15,,0:04:42,0.00%,,1.45
2013-03-31,"545,345","240,802",1.08,,0:04:04,0.00%,,1.32
2013-04-01,"552,428","237,261",1.13,,0:02:16,0.00%,,1.25
2013-04-02,"517,016","198,307",1.22,,0:03:32,0.00%,,1.55
2013-04-03,"605,546","237,261",1.15,,0:03:11,0.00%,,1.21
2013-04-04,"573,675","269,131",1.17,,0:03:04,0.00%,,1.17
2013-04-05,"715,323","322,249",1.15,,0:02:17,0.00%,,1.58
2013-04-06,"495,768","247,884",1.16,,0:02:35,0.62%,,1.1
2013-04-07,"439,109","201,849",1.19,,0:08:34,0.00%,,1.44
2013-04-08,"725,947","276,214",1.2,,0:03:57,0.00%,,1.29
2013-04-09,"633,875","262,049",1.12,,0:04:42,0.00%,,1.31
2013-04-10,"538,263","230,178",1.13,,0:04:08,0.00%,,1.35
2013-04-11,"481,604","177,060",1.18,,0:03:03,0.00%,,1.48
2013-04-12,"609,087","244,343",1.11,,0:12:58,0.00%,,1.23
2013-04-13,"414,321","191,225",1.12,,0:03:08,0.00%,,1.11
2013-04-14,"332,873","113,318",1.14,,0:04:38,0.00%,,1.16
2013-04-15,"357,661","131,024",1.16,,0:15:53,0.00%,,1.6
2013-04-16,"587,840","276,214",1.06,,0:03:39,0.00%,,1.24
2013-04-17,"2,099,933","1,455,434",1.08,,0:04:43,0.00%,,1.3
2013-04-18,"1,366,904","757,817",1.08,,0:05:48,0.48%,,1.11
2013-04-19,"810,935","467,439",1.07,,0:07:59,0.00%,,1.23
2013-04-20,"669,287","329,332",1.16,,0:02:22,0.00%,,1.17
2013-04-21,"428,486","198,307",1.12,,0:03:15,0.00%,,1.6
2013-04-22,"499,310","191,225",1.14,,0:03:01,0.00%,,1.25
2013-04-23,"573,675","272,673",1.15,,0:04:34,0.00%,,1.16
2013-04-24,"587,840","230,178",1.14,,0:05:35,0.53%,,1.17
2013-04-25,"825,100","403,697",1.1,,0:05:34,0.00%,,1.35
2013-04-26,"881,759","453,274",1.09,,0:05:07,0.00%,,1.16
2013-04-27,"612,628","354,120",1.1,,0:08:01,0.00%,,1.24
2013-04-28,"524,098","262,049",1.16,,0:06:06,0.00%,,1.12
2013-04-29,"980,913","442,650",1.17,,0:04:10,0.00%,,1.33
2013-04-30,"729,488","315,167",1.14,,0:04:28,0.00%,,1.26
2013-05-01,"662,205","258,508",1.11,,0:04:44,0.00%,,1.22
2013-05-02,"1,023,408","538,263",1.1,,0:04:35,0.00%,,1.2
2013-05-03,"941,960","474,521",1.06,,0:05:51,0.00%,,1.29
2013-05-04,"485,145","208,931",1.08,,0:03:37,0.00%,,1.23
2013-05-05,"446,192","201,849",1.06,,0:06:23,0.00%,,1.2
2013-05-06,"658,664","290,379",1.1,,0:06:50,0.00%,,1.21
2013-05-07,"775,523","357,661",1.11,,0:04:37,0.00%,,1.19
2013-05-08,"800,312","336,414",1.11,,0:04:42,0.00%,,1.26
2013-05-09,"2,531,960","1,586,459",1.08,,0:03:55,0.13%,,1.1
2013-05-10,"1,869,755","1,172,138",1.04,,0:05:05,0.18%,,1.12
2013-05-11,"697,617","393,073",1.11,,0:06:19,0.00%,,1.17
2013-05-12,"357,661","169,978",1.12,,0:09:11,0.00%,,1.35
2013-05-13,"775,523","350,579",1.12,,0:04:59,0.00%,,1.19
2013-05-14,"980,913","456,815",1.07,,0:02:41,0.00%,,1.32
2013-05-15,"1,767,060","1,002,160",1.1,,0:03:33,0.00%,,1.19
2013-05-16,"1,335,033","655,122",1.08,,0:04:17,0.25%,,1.25
2013-05-17,"662,205","318,708",1.12,,0:03:49,0.00%,,1.19
2013-05-18,"456,815","230,178",1.09,,0:02:51,0.00%,,1.26
2013-05-19,"832,183","318,708",1.19,,0:03:15,0.00%,,1.28
2013-05-20,"1,891,002","1,069,443",1.09,,0:05:51,0.00%,,1.13
2013-05-21,"7,425,902","5,619,889",1.07,,0:12:02,0.00%,,1.13
2013-05-22,"4,408,797","3,151,670",1.08,,0:09:47,0.00%,,1.14
2013-05-23,"2,025,568","1,200,468",1.07,,0:10:26,0.00%,,1.17
2013-05-24,"1,080,067","566,592",1.11,,0:09:26,0.00%,,1.26
2013-05-25,"662,205","290,379",1.12,,0:03:52,0.00%,,1.13
2013-05-26,"499,310","216,013",1.13,,0:05:56,0.00%,,1.06
2013-05-27,"513,474","194,766",1.17,,0:07:33,1.18%,,1.08
2013-05-28,"531,180","226,637",1.15,,0:04:48,0.00%,,1.33
2013-05-29,"598,463","240,802",1.14,,0:07:39,0.00%,,1.32
2013-05-30,"860,512","449,733",1.09,,0:04:32,0.00%,,1.14
2013-05-31,"3,155,212","1,657,283",1.08,,0:10:45,0.10%,,1.28
2013-06-01,"2,078,686","1,218,174",1.06,,0:10:01,0.00%,,1.1
2013-06-02,"998,619","485,145",1.09,,0:07:04,0.00%,,1.37
2013-06-03,"839,265","382,450",1.11,,0:06:30,0.00%,,1.2
2013-06-04,"764,900","343,497",1.09,,0:04:36,0.00%,,1.25
2013-06-05,"903,007","492,227",1.08,,0:08:05,0.73%,,1.2
2013-06-06,"1,012,784","488,686",1.08,,0:04:05,0.32%,,1.27
2013-06-07,"1,508,552","701,158",1.08,,0:05:00,0.00%,,1.12
2013-06-08,"1,136,726","495,768",1.08,,0:06:45,0.29%,,1.14
2013-06-09,"917,171","439,109",1.1,,0:05:39,0.00%,,1.19
2013-06-10,"917,171","368,285",1.12,,0:09:07,0.00%,,1.35
2013-06-11,"1,154,432","488,686",1.13,,0:03:56,0.27%,,1.24
2013-06-12,"1,119,020","517,016",1.09,,0:06:04,0.00%,,1.24
2013-06-13,"1,072,984","502,851",1.14,,0:05:16,0.29%,,1.35
2013-06-14,"708,241","262,049",1.12,,0:04:17,0.44%,,1.28
2013-06-15,"630,334","308,085",1.13,,0:04:09,0.00%,,1.19
2013-06-16,"594,922","208,931",1.11,,0:05:42,0.00%,,1.21
2013-06-17,"619,710","251,425",1.14,,0:08:04,1.00%,,1.28
2013-06-18,"899,465","343,497",1.16,,0:05:24,0.00%,,1.15
2013-06-19,"910,089","364,744",1.14,,0:06:42,0.68%,,1.33
2013-06-20,"1,696,236","846,347",1.09,,0:05:16,0.00%,,1.21
2013-06-21,"1,572,294","842,806",1.08,,0:03:57,0.00%,,1.16
2013-06-22,"832,183","396,615",1.09,,0:05:42,0.00%,,1.17
2013-06-23,"609,087","269,131",1.16,,0:04:04,0.00%,,1.21
2013-06-24,"963,207","354,120",1.17,,0:06:03,0.31%,,1.2
2013-06-25,"1,271,292","605,546",1.11,,0:11:03,7.54%,,1.22
2013-06-26,"1,696,236","832,183",1.11,,0:09:42,9.23%,,1.42
2013-06-27,"1,324,410","602,004",1.11,,0:09:27,13.04%,,1.22
2013-06-28,"1,250,045","520,557",1.13,,0:08:43,10.25%,,1.15
2013-06-29,"980,913","488,686",1.12,,0:09:15,14.56%,,1.17
2013-06-30,"814,477","389,532",1.12,,0:05:50,14.79%,,1.13
2013-07-01,"991,537","382,450",1.14,,0:10:52,13.17%,,1.23
2013-07-02,"1,140,267","442,650",1.14,,0:04:06,12.50%,,1.18
2013-07-03,"1,285,457","580,757",1.09,,0:05:49,12.34%,,1.32
2013-07-04,"885,301","332,873",1.16,,0:05:30,11.76%,,1.24
2013-07-05,"722,405","301,002",1.14,,0:06:14,14.59%,,1.2
2013-07-06,"552,428","216,013",1.07,,0:14:16,11.98%,,1.24
2013-07-07,"616,169","230,178",1.14,,0:04:28,17.59%,,1.26
2013-07-08,"1,274,833","559,510",1.13,,0:05:06,12.78%,,1.18
2013-07-09,"4,692,094","2,726,726",1.08,,0:05:09,13.47%,,1.17
2013-07-10,"2,471,759","1,370,445",1.06,,0:05:04,10.77%,,1.16
2013-07-11,"1,423,563","725,947",1.07,,0:06:20,12.06%,,1.26
2013-07-12,"1,111,938","481,604",1.13,,0:06:06,11.52%,,1.23
2013-07-13,"892,383","339,955",1.1,,0:03:35,13.04%,,1.2
2013-07-14,"878,218","364,744",1.13,,0:04:42,10.75%,,1.2
2013-07-15,"1,115,479","481,604",1.13,,0:04:38,15.45%,,1.17
2013-07-16,"1,837,884","832,183",1.14,,0:06:09,8.78%,,1.28
2013-07-17,"1,565,212","757,817",1.11,,0:09:37,12.07%,,1.17
2013-07-18,"1,296,080","602,004",1.11,,0:09:11,14.32%,,1.6
2013-07-19,"1,267,751","587,840",1.13,,0:05:46,17.73%,,1.32
2013-07-20,"973,831","463,898",1.12,,0:04:52,14.61%,,1.63
2013-07-21,"1,072,984","509,933",1.15,,0:05:43,16.67%,,1.14
2013-07-22,"1,536,882","694,076",1.1,,0:04:48,12.94%,,1.21
2013-07-23,"1,763,519","860,512",1.15,,0:04:10,12.24%,,1.23
2013-07-24,"1,331,492","626,793",1.11,,0:04:09,16.51%,,1.29
2013-07-25,"1,175,679","474,521",1.12,,0:03:11,13.75%,,1.29
2013-07-26,"1,101,314","456,815",1.1,,0:03:01,14.33%,,1.17
2013-07-27,"725,947","368,285",1.12,,0:07:36,12.66%,,1.3
2013-07-28,"747,194","269,131",1.12,,0:07:18,16.88%,,1.25
2013-07-29,"903,007","389,532",1.18,,0:03:43,18.67%,,1.42
2013-07-30,"1,143,808","417,862",1.15,,0:05:23,14.48%,,1.51
2013-07-31,"1,430,646","630,334",1.1,,0:03:37,12.36%,,1.24
2013-08-01,"1,115,479","435,568",1.1,,0:07:20,9.28%,,1.23
2013-08-02,"1,175,679","534,722",1.14,,0:06:03,13.76%,,1.16
2013-08-03,"846,347","357,661",1.17,,0:06:17,14.29%,,1.25
2013-08-04,"715,323","230,178",1.18,,0:05:46,13.81%,,1.26
2013-08-05,"959,666","393,073",1.14,,0:04:46,12.30%,,1.38
2013-08-06,"1,133,185","449,733",1.12,,0:03:48,13.41%,,1.31
2013-08-07,"1,611,247","740,111",1.12,,0:03:33,14.90%,,1.37
2013-08-08,"1,505,011","658,664",1.11,,0:03:55,14.38%,,1.14
2013-08-09,"1,483,764","733,029",1.1,,0:04:22,13.07%,,1.16
2013-08-10,"892,383","385,991",1.09,,0:06:18,15.64%,,1.51
2013-08-11,"771,982","332,873",1.12,,0:03:08,13.11%,,1.29
2013-08-12,"1,016,325","485,145",1.13,,0:05:24,13.58%,,1.44
2013-08-13,"1,317,327","694,076",1.11,,0:05:46,11.17%,,1.35
2013-08-14,"1,618,330","708,241",1.1,,0:04:37,13.75%,,1.26
2013-08-15,"2,099,933","1,175,679",1.13,,0:05:33,10.76%,,1.2
2013-08-16,"1,830,802","895,924",1.09,,0:02:56,13.65%,,1.18
2013-08-17,"949,042","428,486",1.08,,0:08:01,13.84%,,1.11
2013-08-18,"892,383","432,027",1.1,,0:03:46,15.83%,,1.27
2013-08-19,"888,842","332,873",1.19,,0:04:53,12.37%,,1.36
2013-08-20,"1,129,644","485,145",1.16,,0:03:28,16.44%,,1.31
2013-08-21,"1,228,797","517,016",1.11,,0:04:20,14.29%,,1.23
2013-08-22,"1,285,457","559,510",1.1,,0:03:59,15.79%,,1.33
2013-08-23,"1,310,245","488,686",1.15,,0:07:08,15.57%,,1.43
2013-08-24,"1,179,220","492,227",1.08,,0:05:05,15.51%,,1.15
2013-08-25,"970,290","371,826",1.11,,0:08:07,13.49%,,1.18
2013-08-26,"1,009,243","435,568",1.09,,0:06:00,14.42%,,1.28
2013-08-27,"1,108,396","456,815",1.11,,0:07:52,13.54%,,1.42
2013-08-28,"1,696,236","750,735",1.11,,0:06:06,15.25%,,1.28
2013-08-29,"1,575,835","701,158",1.11,,0:06:55,11.79%,,1.39
2013-08-30,"1,667,906","764,900",1.11,,0:04:10,14.01%,,1.28
2013-08-31,"1,519,176","662,205",1.11,,0:05:20,13.21%,,1.23
2013-09-01,"1,830,802","888,842",1.1,,0:03:27,12.52%,,1.16
2013-09-02,"1,919,332","952,584",1.07,,0:04:52,11.07%,,1.21
2013-09-03,"1,646,659","757,817",1.12,,0:06:13,13.63%,,1.34
2013-09-04,"2,832,962","1,423,563",1.07,,0:05:02,11.48%,,1.22
2013-09-05,"3,105,635","1,607,706",1.09,,0:06:00,13.65%,,1.15
2013-09-06,"1,731,648","825,100",1.1,,0:08:29,17.81%,,1.21
2013-09-07,"1,366,904","669,287",1.1,,0:07:36,13.41%,,1.38
2013-09-08,"931,336","410,780",1.13,,0:05:12,17.57%,,1.41
2013-09-09,"1,338,575","552,428",1.15,,0:06:10,13.63%,,1.39
2013-09-10,"2,932,116","1,441,269",1.09,,0:05:16,11.92%,,1.17
2013-09-11,"3,704,098","2,174,298",1.07,,0:06:32,10.38%,,1.16
2013-09-12,"2,446,971","1,331,492",1.09,,0:06:39,11.64%,,1.33
2013-09-13,"1,604,165","655,122",1.08,,0:08:57,15.95%,,1.13
2013-09-14,"1,540,423","612,628",1.1,,0:04:51,14.38%,,1.34
2013-09-15,"1,458,976","580,757",1.1,,0:04:54,15.86%,,1.33
2013-09-16,"2,199,087","853,430",1.12,,0:06:07,14.63%,,1.27
2013-09-17,"3,286,236","1,352,739",1.12,,0:07:35,13.39%,,1.21
2013-09-18,"2,723,185","1,221,715",1.09,,0:07:16,14.49%,,1.38
2013-09-19,"2,415,100","1,009,243",1.1,,0:05:53,16.82%,,1.24
2013-09-20,"2,266,370","1,048,196",1.12,,0:05:15,17.43%,,1.3
2013-09-21,"1,558,129","655,122",1.15,,0:08:04,16.93%,,1.31
2013-09-22,"1,370,445","527,639",1.13,,0:04:29,17.16%,,1.28
2013-09-23,"1,742,272","637,416",1.12,,0:06:33,14.94%,,1.36
2013-09-24,"1,728,107","733,029",1.08,,0:04:04,19.51%,,1.2
2013-09-25,"2,174,298","963,207",1.12,,0:05:32,18.37%,,1.27
2013-09-26,"2,857,751","1,168,597",1.14,,0:05:49,12.38%,,1.24
2013-09-27,"2,730,267","1,172,138",1.09,,0:06:19,11.41%,,1.14
2013-09-28,"1,990,156","885,301",1.12,,0:08:26,10.94%,,1.35
2013-09-29,"1,834,343","782,606",1.08,,0:09:27,9.43%,,1.19
2013-09-30,"2,613,408","1,051,737",1.14,,0:07:11,11.22%,,1.2
2013-10-01,"2,659,443","1,179,220",1.08,,0:09:36,9.96%,,1.29
2013-10-02,"2,478,842","1,069,443",1.08,,0:09:52,10.54%,,1.21
2013-10-03,"1,795,390","729,488",1.08,,0:05:29,13.55%,,1.23
2013-10-04,"1,674,989","640,958",1.11,,0:08:09,10.82%,,1.41
2013-10-05,"1,526,258","584,298",1.12,,0:05:59,10.58%,,1.26
2013-10-06,"1,441,269","626,793",1.09,,0:06:23,8.78%,,1.19
2013-10-07,"1,738,731","704,699",1.11,,0:07:12,10.81%,,1.2
2013-10-08,"2,762,138","1,122,561",1.11,,0:05:06,9.67%,,1.17
2013-10-09,"3,930,735","1,809,555",1.11,,0:05:34,10.53%,,1.22
2013-10-10,"3,385,390","1,586,459",1.1,,0:03:31,11.14%,,1.33
2013-10-11,"2,815,256","1,281,915",1.07,,0:03:56,13.47%,,1.2
2013-10-12,"1,536,882","619,710",1.12,,0:05:30,13.35%,,1.26
2013-10-13,"1,628,953","591,381",1.1,,0:04:19,15.78%,,1.24
2013-10-14,"1,958,285","803,853",1.1,,0:04:42,14.94%,,1.24
2013-10-15,"2,478,842","1,104,855",1.1,,0:05:11,12.82%,,1.21
2013-10-16,"3,098,552","1,285,457",1.12,,0:06:26,12.50%,,1.31
2013-10-17,"3,027,728","1,296,080",1.09,,0:07:16,9.97%,,1.2
2013-10-18,"2,252,205","949,042",1.11,,0:06:56,11.21%,,1.25
2013-10-19,"1,306,704","534,722",1.14,,0:06:20,15.20%,,1.29
2013-10-20,"1,604,165","669,287",1.13,,0:04:28,13.23%,,1.31
2013-10-21,"1,685,612","633,875",1.1,,0:06:16,11.28%,,1.29
2013-10-22,"1,646,659","658,664",1.08,,0:05:26,13.29%,,1.32
2013-10-23,"1,990,156","835,724",1.15,,0:06:08,13.49%,,1.34
2013-10-24,"1,791,849","803,853",1.13,,0:04:58,14.19%,,1.25
2013-10-25,"1,979,532","818,018",1.12,,0:06:10,13.58%,,1.25
2013-10-26,"1,104,855","421,403",1.15,,0:05:38,15.92%,,1.21
2013-10-27,"1,150,891","396,615",1.16,,0:06:57,14.55%,,1.45
2013-10-28,"1,997,238","718,864",1.16,,0:05:11,12.98%,,1.41
2013-10-29,"2,117,639","747,194",1.14,,0:05:08,13.38%,,1.28
2013-10-30,"7,192,183","3,636,815",1.12,,0:04:33,8.84%,,1.2
2013-10-31,"6,788,486","3,976,771",1.07,,0:03:35,7.92%,,1.21
2013-11-01,"4,277,773","1,915,791",1.1,,0:05:59,11.49%,,1.27
2013-11-02,"2,404,477","1,083,608",1.12,"2,689,687",0:05:10,11.86%,"3,771,619",1.49
2013-11-03,"2,312,405","963,207",1.19,"2,739,241",0:04:32,12.53%,"3,496,318",1.31
2013-11-04,"3,236,659","1,384,610",1.08,"3,482,553",0:04:58,12.60%,"4,564,485",1.34
2013-11-05,"3,792,628","1,646,659",1.1,"4,176,311",0:04:38,11.78%,"5,318,808",1.24
2013-11-06,"6,969,087","3,530,579",1.1,"7,689,147",0:04:59,12.06%,"9,517,143",1.25
2013-11-07,"9,483,341","4,872,695",1.1,"10,406,364",0:05:23,14.12%,"12,352,740",1.19
2013-11-08,"8,123,519","4,008,641",1.1,"8,897,717",0:05:43,13.53%,"11,061,580",1.26
2013-11-09,"5,258,686","2,446,971",1.09,"5,748,277",0:05:41,13.98%,"6,989,883",1.22
2013-11-10,"3,714,722","1,604,165",1.1,"4,077,202",0:05:31,16.84%,"4,864,562",1.2
2013-11-11,"4,012,183","1,625,412",1.14,"4,569,991",0:05:29,15.49%,"5,913,458",1.28
2013-11-12,"4,773,541","1,922,873",1.12,"5,360,103",0:06:45,15.06%,"6,816,444",1.26
2013-11-13,"4,405,256","1,891,002",1.08,"4,776,466",0:05:25,18.68%,"5,638,157",1.16
2013-11-14,"3,534,120","1,462,517",1.12,"3,958,823",0:05:13,18.34%,"5,142,616",1.31
2013-11-15,"2,843,586","977,372",1.13,"3,198,993",0:04:48,18.36%,"4,074,449",1.27
2013-11-16,"2,553,207","1,051,737",1.12,"2,854,868",0:07:48,17.37%,"3,515,589",1.2
2013-11-17,"3,374,766","1,590,000",1.12,"3,763,360",0:05:25,20.04%,"4,250,642",1.13
2013-11-18,"5,471,158","2,939,198",1.08,"5,929,976",0:04:01,16.42%,"7,113,768",1.2
2013-11-19,"9,401,893","4,723,964",1.1,"10,359,563",0:03:39,23.31%,"12,129,746",1.16
2013-11-20,"8,945,078","4,635,434",1.09,"9,729,125",0:04:54,27.37%,"11,317,609",1.17
2013-11-21,"6,193,564","2,847,127",1.09,"6,775,149",0:04:34,24.83%,"8,033,273",1.18
2013-11-22,"4,780,624","2,149,510",1.11,"5,307,796",0:04:45,24.22%,"6,271,349",1.19
2013-11-23,"4,741,670","2,131,804",1.11,"5,241,724",0:03:42,22.48%,"6,125,439",1.17
2013-11-24,"4,359,221","1,912,249",1.12,"4,859,056",0:05:09,21.49%,"5,723,500",1.2
2013-11-25,"4,968,307","2,156,592",1.1,"5,489,495",0:03:27,21.68%,"6,392,481",1.17
2013-11-26,"5,942,138","2,716,102",1.12,"6,623,733",0:01:57,28.65%,"7,779,996",1.18
2013-11-27,"4,585,857","2,110,557",1.09,"5,004,966",0:02:04,32.96%,"5,885,928",1.16
2013-11-28,"2,443,430","1,119,020",1.09,"2,673,169",0:03:05,32.32%,"3,135,674",1.16
2013-11-29,"1,919,332","828,641",1.12,"2,155,604",0:02:15,32.35%,"2,623,615",1.23
2013-11-30,"2,216,793","1,005,702",1.1,"2,439,164",0:01:54,30.77%,"3,058,590",1.18
2013-12-01,"2,478,842","970,290",1.1,"2,739,241",0:02:09,34.67%,"3,243,042",1.19
2013-12-02,"3,102,094","1,299,621",1.14,"3,521,095",0:03:27,34.97%,"4,446,105",1.26
2013-12-03,"3,300,401","1,522,717",1.12,"3,691,782",0:03:02,28.57%,"5,018,731",1.39
2013-12-04,"3,519,955","1,565,212",1.12,"3,931,293",0:04:31,29.28%,"5,985,036",1.55
2013-12-05,"5,446,370","2,471,759",1.12,"6,092,403",0:02:41,30.16%,"8,782,090",1.47
2013-12-06,"6,643,296","3,325,189",1.11,"7,347,774",0:02:53,24.48%,"10,142,075",1.41
2013-12-07,"4,511,492","2,305,323",1.08,"4,883,833",0:02:53,24.51%,"6,615,474",1.36
2013-12-08,"3,640,356","1,752,895",1.08,"3,936,799",0:02:29,26.35%,"5,511,519",1.35
2013-12-09,"3,693,474","1,682,071",1.1,"4,074,449",0:04:45,26.50%,"6,075,885",1.51
2013-12-10,"4,228,196","1,972,450",1.08,"4,575,497",0:03:06,27.01%,"6,703,571",1.44
2013-12-11,"4,203,408","1,798,931",1.1,"4,641,569",0:04:39,27.23%,"6,843,974",1.41
2013-12-12,"4,539,822","1,887,461",1.12,"5,062,779",0:03:37,28.53%,"7,077,979",1.4
2013-12-13,"4,270,690","1,784,766",1.11,"4,757,195",0:03:38,27.31%,"6,766,890",1.43
2013-12-14,"3,502,249","1,533,341",1.08,"3,790,890",0:02:33,26.42%,"5,415,164",1.4
2013-12-15,"2,786,927","1,150,891",1.08,"3,020,048",0:04:24,26.85%,"4,611,286",1.55
2013-12-16,"3,643,898","1,416,481",1.17,"4,258,901",0:03:24,25.35%,"6,287,867",1.49
2013-12-17,"3,442,049","1,444,811",1.09,"3,763,360",0:02:38,39.51%,"5,203,182",1.37
2013-12-18,"3,824,499","1,643,118",1.1,"4,203,841",0:02:01,79.53%,"5,891,434",1.41
2013-12-19,"3,803,252","1,487,305",1.12,"4,272,666",0:01:49,79.04%,"5,905,199",1.38
2013-12-20,"2,914,410","1,239,421",1.09,"3,176,969",0:01:39,79.71%,"4,278,172",1.36
2013-12-21,"2,025,568","888,842",1.08,"2,194,146",0:01:30,82.90%,"2,929,199",1.31
2013-12-22,"2,379,688","938,419",1.13,"2,681,428",0:01:28,81.11%,"3,510,083",1.31
2013-12-23,"3,881,158","1,646,659",1.11,"4,313,961",0:01:34,80.62%,"5,938,235",1.36
2013-12-24,"3,519,955","1,402,316",1.09,"3,851,456",0:01:20,80.61%,"5,024,237",1.33
2013-12-25,"1,636,036","538,263",1.09,"1,789,454",0:01:41,79.21%,"2,516,248",1.42
2013-12-26,"2,082,227","796,771",1.12,"2,337,302",0:01:50,73.94%,"3,386,198",1.45
2013-12-27,"2,624,031","1,037,572",1.11,"2,912,681",0:01:29,77.89%,"4,212,100",1.45
2013-12-28,"3,658,062","1,505,011",1.1,"4,030,401",0:01:03,80.58%,"5,283,019",1.29
2013-12-29,"3,353,519","1,402,316",1.08,"3,631,215",0:01:11,81.66%,"4,644,322",1.29
2013-12-30,"3,562,450","1,356,281",1.14,"4,060,684",0:01:46,79.42%,"6,075,885",1.51
2013-12-31,"2,659,443","1,019,866",1.12,"2,967,741",0:01:26,79.83%,"3,928,540",1.35
2014-01-01,"1,628,953","566,592",1.1,"1,792,207",0:01:53,78.26%,"2,711,711",1.42
2014-01-02,"2,755,056","1,147,350",1.1,"3,017,295",0:01:33,79.81%,"4,190,076",1.38
2014-01-03,"2,592,160","1,069,443",1.12,"2,912,681",0:01:21,81.41%,"3,986,353",1.4
2014-01-04,"2,974,610","1,239,421",1.11,"3,300,855",0:01:35,81.76%,"4,600,274",1.44
2014-01-05,"2,613,408","1,108,396",1.1,"2,868,633",0:00:59,81.98%,"3,818,420",1.33
2014-01-06,"2,606,325","1,019,866",1.13,"2,951,223",0:01:42,79.74%,"4,190,076",1.38
2014-01-07,"3,052,517","1,264,209",1.11,"3,394,457",0:01:31,82.79%,"4,815,008",1.45
2014-01-08,"4,217,572","1,579,376",1.12,"4,707,641",0:01:22,82.48%,"6,249,324",1.32
2014-01-09,"4,221,114","1,855,590",1.07,"4,525,942",0:01:27,82.47%,"6,117,180",1.37
2014-01-10,"2,701,938","984,454",1.11,"2,995,271",0:01:40,79.79%,"4,118,498",1.36
2014-01-11,"2,372,606","853,430",1.12,"2,651,145",0:01:21,83.71%,"3,540,366",1.33
2014-01-12,"2,202,628","864,053",1.07,"2,364,832",0:01:13,80.99%,"3,504,577",1.47
2014-01-13,"2,751,514","1,002,160",1.11,"3,061,343",0:01:37,80.21%,"4,203,841",1.32
2014-01-14,"3,353,519","1,239,421",1.13,"3,774,372",0:01:44,79.17%,"5,417,917",1.47
2014-01-15,"2,496,548","913,630",1.15,"2,865,880",0:02:01,76.51%,"4,225,865",1.52
2014-01-16,"2,446,971","913,630",1.15,"2,810,820",0:01:35,79.47%,"3,752,348",1.36
2014-01-17,"2,170,757","779,065",1.15,"2,507,989",0:01:53,80.93%,"3,609,191",1.45
2014-01-18,"2,404,477","856,971",1.11,"2,678,675",0:01:32,78.84%,"3,942,305",1.48
2014-01-19,"2,163,675","786,147",1.14,"2,458,435",0:01:29,80.43%,"3,295,349",1.34
2014-01-20,"1,682,071","594,922",1.15,"1,932,610",0:01:49,79.82%,"2,893,410",1.53
2014-01-21,"2,408,018","888,842",1.12,"2,697,946",0:01:26,78.35%,"3,548,625",1.33
2014-01-22,"2,751,514","1,090,690",1.13,"3,102,638",0:01:56,79.79%,"4,322,220",1.43
2014-01-23,"2,779,844","1,058,820",1.1,"3,069,602",0:01:10,84.54%,"4,107,486",1.29
2014-01-24,"2,917,951","1,076,526",1.11,"3,248,548",0:01:06,84.10%,"4,245,136",1.31
2014-01-25,"2,029,109","906,548",1.08,"2,194,146",0:01:10,84.84%,"2,843,856",1.31
2014-01-26,"2,602,784","1,058,820",1.08,"2,819,079",0:01:00,87.44%,"3,573,402",1.28
2014-01-27,"2,060,980","782,606",1.11,"2,290,501",0:01:41,83.15%,"3,097,132",1.3
2014-01-28,"1,997,238","718,864",1.15,"2,304,266",0:01:19,82.49%,"3,011,789",1.32
2014-01-29,"2,847,127","980,913",1.13,"3,218,264",0:01:45,76.57%,"4,360,762",1.38
2014-01-30,"2,956,904","1,051,737",1.13,"3,353,162",0:01:22,79.94%,"4,498,412",1.32
2014-01-31,"2,124,722","814,477",1.15,"2,444,670",0:01:24,80.00%,"3,405,469",1.36
2014-02-01,"1,671,448","580,757",1.11,"1,861,032",0:01:11,84.41%,"2,477,706",1.33
2014-02-02,"2,192,004","803,853",1.11,"2,428,152",0:01:16,84.09%,"3,212,758",1.31
2014-02-03,"3,498,708","1,267,751",1.16,"4,046,919",0:00:53,83.73%,"5,040,755",1.24
2014-02-04,"3,374,766","1,306,704",1.13,"3,818,420",0:01:36,82.11%,"4,927,881",1.31
2014-02-05,"3,017,105","1,288,998",1.1,"3,331,138",0:01:27,79.91%,"4,514,930",1.37
2014-02-06,"3,112,717","1,228,797",1.09,"3,386,198",0:01:13,82.11%,"4,267,160",1.28
2014-02-07,"3,162,294","1,331,492",1.1,"3,474,294",0:01:13,81.26%,"4,506,671",1.31
2014-02-08,"3,151,670","1,189,844",1.13,"3,562,390",0:00:57,85.39%,"4,583,756",1.26
2014-02-09,"4,107,795","1,671,448",1.09,"4,481,894",0:01:00,82.15%,"5,729,006",1.32
2014-02-10,"6,537,060","2,790,468",1.1,"7,157,817",0:00:55,85.31%,"8,930,753",1.21
2014-02-11,"3,973,229","1,632,494",1.09,"4,327,726",0:01:17,81.18%,"5,729,006",1.31
2014-02-12,"4,206,949","1,646,659",1.1,"4,625,051",0:01:21,84.30%,"5,998,801",1.32
2014-02-13,"4,245,902","1,710,401",1.11,"4,713,147",0:01:26,83.71%,"6,395,234",1.36
2014-02-14,"2,808,174","1,087,149",1.12,"3,132,921",0:01:20,83.62%,"4,135,016",1.31
2014-02-15,"2,599,243","910,089",1.1,"2,863,127",0:01:11,84.55%,"3,667,004",1.3
2014-02-16,"2,585,078","998,619",1.1,"2,838,350",0:01:26,85.29%,"3,744,089",1.35
2014-02-17,"2,857,751","1,062,361",1.08,"3,097,132",0:01:22,85.14%,"4,052,425",1.31
2014-02-18,"2,443,430","881,759",1.12,"2,730,982",0:01:20,82.77%,"3,823,926",1.37
2014-02-19,"2,319,488","874,677",1.1,"2,541,025",0:01:01,85.10%,"3,325,632",1.3
2014-02-20,"2,500,089","913,630",1.08,"2,714,464",0:01:10,82.51%,"3,573,402",1.35
2014-02-21,"2,131,804","733,029",1.08,"2,312,525",0:01:13,83.00%,"2,918,187",1.3
2014-02-22,"1,699,777","609,087",1.08,"1,827,996",0:00:59,85.88%,"2,560,296",1.33
2014-02-23,"1,781,225","633,875",1.07,"1,905,080",0:02:03,81.78%,"3,127,415",1.71
2014-02-24,"2,503,630","864,053",1.09,"2,733,735",0:01:26,80.83%,"3,702,794",1.35
2014-02-25,"3,725,345","1,349,198",1.1,"4,088,214",0:01:19,81.99%,"5,277,513",1.3
2014-02-26,"2,882,539","1,044,655",1.11,"3,185,228",0:01:14,80.22%,"4,283,678",1.35
2014-02-27,"2,560,290","871,136",1.09,"2,780,536",0:01:29,78.50%,"3,801,902",1.36
2014-02-28,"2,670,067","917,171",1.11,"2,973,247",0:02:16,74.88%,"4,286,431",1.46
2014-03-01,"1,958,285","665,746",1.1,"2,155,604",0:01:22,75.66%,"3,171,463",1.47
2014-03-02,"1,721,025","520,557",1.13,"1,946,376",0:01:28,79.82%,"2,615,356",1.35
2014-03-03,"3,243,742","1,150,891",1.14,"3,711,053",0:01:28,79.29%,"5,038,002",1.34
2014-03-04,"3,562,450","1,427,105",1.09,"3,870,727",0:01:07,82.71%,"5,032,496",1.29
2014-03-05,"2,939,198","1,154,432",1.1,"3,218,264",0:00:57,78.99%,"4,019,389",1.25
2014-03-06,"3,417,261","1,356,281",1.12,"3,818,420",0:01:40,82.56%,"4,936,140",1.28
2014-03-07,"4,005,100","1,497,929",1.11,"4,451,611",0:01:18,81.94%,"6,230,053",1.42
2014-03-08,"2,762,138","1,083,608",1.13,"3,110,897",0:01:22,80.20%,"4,982,942",1.71
2014-03-09,"2,110,557","743,653",1.1,"2,315,278",0:00:45,85.17%,"2,978,753",1.28
2014-03-10,"2,493,007","885,301",1.09,"2,719,970",0:01:15,83.85%,"3,826,679",1.44
2014-03-11,"3,226,036","1,104,855",1.11,"3,578,908",0:01:15,85.26%,"4,922,375",1.28
2014-03-12,"2,882,539","1,019,866",1.14,"3,298,102",0:01:17,83.03%,"4,547,967",1.33
2014-03-13,"2,241,581","800,312",1.11,"2,480,459",0:01:00,82.71%,"3,364,174",1.3
2014-03-14,"2,153,051","655,122",1.11,"2,397,869",0:01:03,82.72%,"3,405,469",1.36
2014-03-15,"1,607,706","552,428",1.07,"1,728,888",0:01:14,82.58%,"2,260,218",1.3
2014-03-16,"1,834,343","552,428",1.09,"1,993,177",0:01:30,80.46%,"2,904,422",1.42
2014-03-17,"2,174,298","683,452",1.11,"2,419,893",0:01:41,79.36%,"3,581,661",1.52
2014-03-18,"1,834,343","552,428",1.11,"2,045,484",0:01:27,79.72%,"2,830,091",1.35
2014-03-19,"2,248,664","793,229",1.09,"2,458,435",0:01:13,82.56%,"3,298,102",1.3
2014-03-20,"3,789,087","1,572,294",1.1,"4,151,534",0:00:55,86.95%,"5,236,218",1.26
2014-03-21,"3,013,563","1,204,009",1.09,"3,276,078",0:01:09,79.70%,"4,581,003",1.4
2014-03-22,"2,213,252","910,089",1.1,"2,439,164",0:01:35,76.78%,"3,851,456",1.59
2014-03-23,"1,721,025","637,416",1.1,"1,896,821",0:01:15,80.04%,"2,989,765",1.56
2014-03-24,"3,123,341","1,122,561",1.1,"3,446,764",0:01:29,80.39%,"4,773,713",1.41
2014-03-25,"2,900,245","1,069,443",1.09,"3,146,686",0:01:03,82.11%,"4,487,400",1.32
2014-03-26,"2,946,281","910,089",1.1,"3,251,301",0:01:39,81.70%,"5,448,200",1.6
2014-03-27,"2,057,439","761,359",1.1,"2,262,971",0:01:32,80.28%,"3,686,276",1.7
2014-03-28,"2,609,866","895,924",1.1,"2,868,633",0:01:27,82.72%,"3,972,588",1.36
2014-03-29,"3,735,969","1,593,541",1.11,"4,135,016",0:01:43,82.19%,"5,852,892",1.42
2014-03-30,"3,495,167","1,434,187",1.12,"3,909,269",0:01:23,83.88%,"5,329,820",1.36
2014-03-31,"4,695,635","1,770,601",1.15,"5,420,670",0:01:18,82.23%,"7,452,388",1.35
2014-04-01,"5,173,697","2,039,733",1.1,"5,712,488",0:01:37,80.61%,"7,991,977",1.41
2014-04-02,"3,413,719","1,313,786",1.1,"3,763,360",0:01:13,83.35%,"5,343,585",1.41
2014-04-03,"2,779,844","966,748",1.11,"3,086,120",0:01:11,80.50%,"4,220,359",1.33
2014-04-04,"2,192,004","757,817",1.1,"2,406,128",0:01:24,85.00%,"3,204,499",1.36
2014-04-05,"1,745,813","587,840",1.12,"1,954,635",0:01:29,84.60%,"3,069,602",1.61
2014-04-06,"1,781,225","651,581",1.15,"2,045,484",0:02:14,77.47%,"3,490,812",1.82
2014-04-07,"2,142,428","750,735",1.09,"2,331,796",0:01:36,80.58%,"3,779,878",1.65
2014-04-08,"3,367,684","1,204,009",1.1,"3,705,547",0:01:13,84.23%,"5,106,827",1.34
2014-04-09,"3,955,523","1,540,423",1.08,"4,275,419",0:01:23,82.78%,"6,128,192",1.46
2014-04-10,"3,891,782","1,604,165",1.08,"4,195,582",0:01:05,84.64%,"5,913,458",1.43
2014-04-11,"2,276,993","924,254",1.09,"2,477,706",0:01:15,83.00%,"3,573,402",1.37
2014-04-12,"1,536,882","587,840",1.09,"1,668,322",0:01:14,82.80%,"2,422,646",1.46
2014-04-13,"1,848,508","602,004",1.16,"2,139,086",0:01:53,80.46%,"3,471,541",1.55
2014-04-14,"2,539,042","949,042",1.1,"2,797,054",0:01:29,80.25%,"4,118,498",1.48
2014-04-15,"2,967,528","1,069,443",1.11,"3,281,584",0:01:59,80.58%,"4,911,363",1.51
2014-04-16,"2,365,523","927,795",1.09,"2,576,814",0:01:42,81.46%,"4,157,040",1.65
2014-04-17,"1,905,167","669,287",1.09,"2,084,026",0:01:33,76.53%,"3,210,005",1.5
2014-04-18,"2,581,537","987,996",1.09,"2,813,573",0:01:06,81.36%,"3,752,348",1.34
2014-04-19,"2,007,862","640,958",1.1,"2,216,170",0:01:23,82.59%,"3,152,192",1.4
2014-04-20,"1,802,472","626,793",1.11,"2,006,942",0:01:57,82.19%,"3,317,373",1.75
2014-04-21,"2,160,134","736,570",1.11,"2,392,363",0:01:23,77.81%,"3,589,920",1.5
2014-04-22,"1,937,038","655,122",1.1,"2,122,568",0:01:15,82.64%,"2,995,271",1.36
2014-04-23,"2,202,628","722,405",1.13,"2,491,471",0:02:05,79.37%,"3,876,233",1.58
2014-04-24,"2,170,757","810,935",1.13,"2,455,682",0:01:28,83.12%,"3,466,035",1.43
2014-04-25,"2,160,134","672,829",1.14,"2,461,188",0:01:42,80.58%,"3,449,517",1.36
2014-04-26,"2,011,403","722,405",1.16,"2,331,796",0:01:42,78.88%,"3,223,770",1.41
2014-04-27,"2,014,944","637,416",1.12,"2,260,218",0:01:18,81.82%,"3,292,596",1.49
2014-04-28,"2,149,510","690,535",1.1,"2,362,079",0:01:20,83.51%,"3,210,005",1.31
2014-04-29,"1,735,189","555,969",1.1,"1,905,080",0:01:31,80.48%,"3,050,331",1.48
2014-04-30,"3,063,140","1,200,468",1.11,"3,397,210",0:01:43,78.00%,"5,049,014",1.46
2014-05-01,"4,146,748","1,859,131",1.09,"4,523,189",0:01:21,80.75%,"6,499,848",1.45
2014-05-02,"2,755,056","1,090,690",1.09,"3,003,530",0:01:10,81.01%,"4,184,570",1.41
2014-05-03,"1,543,964","577,216",1.14,"1,753,665",0:01:27,83.84%,"2,364,832",1.37
2014-05-04,"1,157,973","375,367",1.16,"1,343,467",0:01:54,74.41%,"2,218,923",1.67
2014-05-05,"1,975,991","570,134",1.13,"2,232,688",0:01:32,78.61%,"3,314,620",1.46
2014-05-06,"2,291,158","686,993",1.12,"2,571,308",0:01:38,80.03%,"3,909,269",1.45
2014-05-07,"2,535,501","828,641",1.13,"2,860,374",0:01:18,82.92%,"3,942,305",1.37
2014-05-08,"2,546,125","952,584",1.09,"2,777,783",0:01:21,82.04%,"3,994,612",1.39
2014-05-09,"2,110,557","761,359",1.11,"2,345,561",0:01:42,81.15%,"3,540,366",1.49
2014-05-10,"2,333,653","963,207",1.1,"2,565,802",0:01:51,81.24%,"3,730,324",1.43
2014-05-11,"1,898,085","729,488",1.11,"2,106,050",0:01:56,78.32%,"3,207,252",1.58
2014-05-12,"2,932,116","1,189,844",1.12,"3,284,337",0:01:45,80.93%,"4,589,262",1.37
2014-05-13,"2,925,033","1,299,621",1.1,"3,223,770",0:01:17,82.22%,"4,859,056",1.46
2014-05-14,"2,415,100","1,072,984",1.1,"2,651,145",0:01:39,79.71%,"3,945,058",1.52
2014-05-15,"2,280,535","860,512",1.11,"2,543,778",0:01:20,82.31%,"3,777,125",1.45
2014-05-16,"1,922,873","676,370",1.12,"2,147,345",0:01:58,78.42%,"3,157,698",1.49
2014-05-17,"1,349,198","442,650",1.13,"1,525,166",0:01:24,80.05%,"2,329,043",1.49
2014-05-18,"1,349,198","442,650",1.14,"1,538,931",0:01:47,77.47%,"2,271,230",1.39
2014-05-19,"1,643,118","570,134",1.14,"1,880,303",0:01:25,79.85%,"2,626,368",1.34
2014-05-20,"2,383,229","835,724",1.13,"2,695,193",0:01:53,80.58%,"3,950,564",1.41
2014-05-21,"2,060,980","796,771",1.11,"2,282,242",0:01:54,81.06%,"3,468,788",1.52
2014-05-22,"1,674,989","591,381",1.14,"1,916,092",0:01:10,81.15%,"2,637,380",1.37
2014-05-23,"1,522,717","548,886",1.13,"1,715,123",0:01:41,76.86%,"2,560,296",1.41
2014-05-24,"1,593,541","552,428",1.15,"1,836,255",0:01:44,77.61%,"2,821,832",1.49
2014-05-25,"1,522,717","513,474",1.12,"1,698,605",0:01:41,83.13%,"2,254,712",1.31
2014-05-26,"1,416,481","499,310",1.14,"1,610,509",0:01:18,82.64%,"2,202,405",1.35
2014-05-27,"2,117,639","704,699",1.11,"2,348,314",0:01:26,80.27%,"3,584,414",1.51
2014-05-28,"3,130,423","1,115,479",1.14,"3,554,131",0:01:23,81.08%,"4,919,622",1.37
2014-05-29,"2,638,196","987,996",1.1,"2,904,422",0:01:14,82.44%,"3,917,528",1.33
2014-05-30,"2,284,076","768,441",1.13,"2,582,320",0:01:43,82.30%,"4,000,118",1.59
2014-05-31,"1,869,755","694,076",1.13,"2,108,803",0:01:28,81.01%,"3,132,921",1.48
2014-06-01,"2,347,817","913,630",1.14,"2,670,416",0:01:39,80.37%,"3,669,757",1.39
2014-06-02,"2,772,762","991,537",1.11,"3,091,626",0:01:53,81.67%,"4,308,455",1.36
2014-06-03,"2,893,163","1,062,361",1.11,"3,210,005",0:01:22,79.71%,"4,448,858",1.41
2014-06-04,"2,351,359","803,853",1.12,"2,626,368",0:01:27,78.98%,"3,801,902",1.44
2014-06-05,"3,222,494","1,260,668",1.12,"3,609,191",0:01:50,79.88%,"5,112,333",1.44
2014-06-06,"4,221,114","1,664,365",1.11,"4,682,864",0:01:25,83.67%,"6,659,522",1.45
2014-06-07,"3,902,405","1,593,541",1.09,"4,236,877",0:01:52,83.86%,"6,378,716",1.53
2014-06-08,"2,910,869","1,179,220",1.12,"3,245,795",0:02:17,81.57%,"4,603,027",1.37
2014-06-09,"4,504,410","1,784,766",1.1,"4,947,152",0:01:54,81.89%,"7,160,570",1.47
2014-06-10,"4,412,339","1,728,107",1.11,"4,908,610",0:01:57,81.17%,"8,063,556",1.64
2014-06-11,"2,988,775","1,129,644",1.12,"3,347,656",0:02:20,79.81%,"5,817,102",1.68
2014-06-12,"2,836,503","1,002,160",1.1,"3,113,650",0:01:44,79.29%,"4,878,327",1.54
2014-06-13,"3,095,011","1,019,866",1.13,"3,482,553",0:02:17,80.49%,"5,657,428",1.62
2014-06-14,"1,777,684","555,969",1.18,"2,097,791",0:01:48,79.73%,"3,347,656",1.59
2014-06-15,"1,451,893","382,450",1.19,"1,726,135",0:01:45,79.26%,"2,582,320",1.45
2014-06-16,"1,951,203","584,298",1.17,"2,284,995",0:02:22,76.74%,"3,600,932",1.56
2014-06-17,"2,319,488","796,771",1.15,"2,673,169",0:02:11,79.07%,"3,730,324",1.4
2014-06-18,"1,674,989","520,557",1.11,"1,863,785",0:01:45,81.94%,"2,728,229",1.48
2014-06-19,"1,830,802","548,886",1.14,"2,084,026",0:01:45,80.65%,"2,926,446",1.43
2014-06-20,"1,501,470","499,310",1.15,"1,723,382",0:02:10,78.44%,"2,477,706",1.46
2014-06-21,"1,614,788","421,403",1.16,"1,866,538",0:02:10,76.66%,"2,794,301",1.48
2014-06-22,"2,018,486","570,134",1.18,"2,378,598",0:01:43,74.55%,"3,512,836",1.43
2014-06-23,"2,117,639","694,076",1.16,"2,458,435",0:02:16,76.22%,"3,614,697",1.49
2014-06-24,"2,369,065","708,241",1.14,"2,708,958",0:01:38,79.61%,"3,719,312",1.35
2014-06-25,"1,997,238","623,252",1.13,"2,260,218",0:01:56,77.31%,"3,463,282",1.51
2014-06-26,"1,604,165","421,403",1.15,"1,847,267",0:01:21,82.18%,"2,400,622",1.27
2014-06-27,"2,184,922","690,535",1.12,"2,458,435",0:02:26,82.85%,"3,311,867",1.34
2014-06-28,"2,184,922","690,535",1.11,"2,419,893",0:01:22,85.09%,"3,154,945",1.32
2014-06-29,"2,170,757","694,076",1.12,"2,441,917",0:02:01,84.62%,"3,570,649",1.55
2014-06-30,"1,965,367","754,276",1.12,"2,191,393",0:01:32,84.33%,"2,909,928",1.36
2014-07-01,"2,202,628","662,205",1.09,"2,400,622",0:01:28,84.51%,"3,075,108",1.31
2014-07-02,"1,951,203","616,169",1.12,"2,177,628",0:02:00,80.81%,"3,366,927",1.58
2014-07-03,"1,752,895","563,051",1.11,"1,946,376",0:01:40,82.55%,"2,607,097",1.38
2014-07-04,"1,242,962","396,615",1.11,"1,373,750",0:01:45,81.70%,"1,940,869",1.44
2014-07-05,"1,232,339","354,120",1.15,"1,420,551",0:01:40,81.30%,"2,031,719",1.4
2014-07-06,"1,310,245","446,192",1.1,"1,437,069",0:01:36,77.83%,"2,012,448",1.41
2014-07-07,"2,415,100","789,688",1.12,"2,706,205",0:01:36,82.35%,"3,727,571",1.39
2014-07-08,"2,528,419","888,842",1.12,"2,827,338",0:01:21,81.85%,"3,565,143",1.25
2014-07-09,"2,075,145","768,441",1.12,"2,323,537",0:01:39,83.11%,"3,364,174",1.42
2014-07-10,"1,830,802","616,169",1.13,"2,073,014",0:02:00,80.34%,"3,105,391",1.46
2014-07-11,"2,220,334","711,782",1.13,"2,499,730",0:01:47,81.02%,"3,518,342",1.37
2014-07-12,"1,876,837","594,922",1.14,"2,136,333",0:01:12,82.09%,"2,764,018",1.3
2014-07-13,"1,590,000","555,969",1.15,"1,827,996",0:01:19,80.62%,"2,439,164",1.32
2014-07-14,"1,466,058","442,650",1.12,"1,646,298",0:01:58,78.28%,"2,444,670",1.53
2014-07-15,"1,706,860","520,557",1.12,"1,907,833",0:01:58,80.33%,"2,675,922",1.43
2014-07-16,"2,397,394","821,559",1.13,"2,708,958",0:01:25,80.26%,"3,796,396",1.41
2014-07-17,"2,121,180","722,405",1.16,"2,452,929",0:01:15,81.96%,"3,234,782",1.33
2014-07-18,"1,621,871","474,521",1.18,"1,910,586",0:01:18,79.26%,"2,664,910",1.36
2014-07-19,"1,483,764","531,180",1.13,"1,671,075",0:00:56,86.44%,"2,078,520",1.22
2014-07-20,"1,175,679","368,285",1.15,"1,354,479",0:02:15,78.59%,"1,982,165",1.43
2014-07-21,"1,561,670","563,051",1.13,"1,767,430",0:01:31,80.56%,"2,373,091",1.36
2014-07-22,"1,338,575","396,615",1.13,"1,516,907",0:02:13,78.04%,"2,221,676",1.42
2014-07-23,"1,561,670","531,180",1.21,"1,894,068",0:02:02,80.00%,"2,708,958",1.45
2014-07-24,"2,004,321","648,040",1.18,"2,359,326",0:03:26,79.28%,"3,270,572",1.39
2014-07-25,"1,940,579","602,004",1.15,"2,235,441",0:01:19,82.44%,"2,838,350",1.29
2014-07-26,"1,933,497","619,710",1.16,"2,238,194",0:01:39,78.32%,"2,992,518",1.34
2014-07-27,"1,373,987","470,980",1.13,"1,558,202",0:01:37,82.50%,"2,216,170",1.44
2014-07-28,"1,582,918","481,604",1.15,"1,814,231",0:01:36,82.42%,"2,395,116",1.32
2014-07-29,"1,356,281","339,955",1.2,"1,629,780",0:02:37,75.87%,"2,397,869",1.53
2014-07-30,"1,320,869","460,356",1.15,"1,514,154",0:02:11,80.37%,"2,235,441",1.51
2014-07-31,"1,735,189","605,546",1.15,"2,001,436",0:01:52,79.47%,"2,874,139",1.38
2014-08-01,"2,677,149","1,147,350",1.14,"3,042,072",0:01:15,83.59%,"3,983,600",1.29
2014-08-02,"2,801,091","1,140,267",1.16,"3,243,042",0:01:23,84.17%,"4,223,112",1.28
2014-08-03,"2,238,040","747,194",1.15,"2,563,049",0:01:23,83.56%,"3,320,126",1.3
2014-08-04,"2,308,864","818,018",1.16,"2,670,416",0:01:21,82.23%,"3,576,155",1.32
2014-08-05,"1,940,579","697,617",1.13,"2,188,640",0:01:09,84.79%,"2,857,621",1.24
2014-08-06,"1,894,543","708,241",1.13,"2,130,827",0:01:32,84.72%,"2,860,374",1.32
2014-08-07,"1,508,552","587,840",1.11,"1,671,075",0:01:49,81.14%,"2,673,169",1.67
2014-08-08,"1,398,775","548,886",1.15,"1,605,003",0:02:08,81.46%,"2,744,747",1.77
2014-08-09,"1,147,350","414,321",1.15,"1,324,196",0:02:09,81.02%,"2,284,995",1.8
2014-08-10,"991,537","350,579",1.12,"1,114,968",0:02:05,84.13%,"1,679,334",1.51
2014-08-11,"956,125","290,379",1.12,"1,068,166",0:03:03,83.44%,"1,682,087",1.61
2014-08-12,"1,901,626","651,581",1.13,"2,150,098",0:01:37,80.56%,"3,254,054",1.55
2014-08-13,"2,117,639","800,312",1.16,"2,450,176",0:01:25,79.77%,"3,386,198",1.39
2014-08-14,"1,898,085","655,122",1.13,"2,147,345",0:01:14,84.16%,"3,028,307",1.41
2014-08-15,"3,732,428","1,572,294",1.12,"4,176,311",0:01:07,83.81%,"5,384,880",1.29
2014-08-16,"2,910,869","1,225,256",1.14,"3,309,114",0:00:57,86.31%,"4,068,943",1.22
2014-08-17,"2,234,499","885,301",1.11,"2,488,718",0:01:13,84.07%,"3,457,776",1.36
2014-08-18,"2,014,944","733,029",1.12,"2,260,218",0:01:22,84.66%,"3,033,813",1.35
2014-08-19,"2,043,274","782,606",1.14,"2,334,549",0:01:35,81.36%,"3,292,596",1.46
2014-08-20,"5,506,570","2,956,904",1.1,"6,042,849",0:01:13,84.48%,"7,656,111",1.26
2014-08-21,"8,307,662","4,677,929",1.1,"9,164,758",0:01:13,84.09%,"11,639,711",1.25
2014-08-22,"4,415,880","2,046,815",1.13,"4,982,942",0:01:20,84.09%,"6,271,349",1.25
2014-08-23,"3,757,216","1,547,506",1.12,"4,192,829",0:01:28,83.45%,"5,368,362",1.29
2014-08-24,"2,914,410","1,136,726",1.12,"3,276,078",0:01:38,82.59%,"4,253,395",1.32
2014-08-25,"2,319,488","881,759",1.1,"2,543,778",0:01:05,84.70%,"3,198,993",1.26
2014-08-26,"2,468,218","825,100",1.16,"2,863,127",0:01:46,82.57%,"3,790,890",1.34
2014-08-27,"2,315,947","803,853",1.14,"2,648,392",0:01:25,82.35%,"3,793,643",1.37
2014-08-28,"1,975,991","683,452",1.12,"2,210,664",0:01:35,82.72%,"2,854,868",1.31
2014-08-29,"2,971,069","1,048,196",1.16,"3,438,505",0:01:28,84.96%,"4,454,364",1.3
2014-08-30,"3,095,011","1,250,045",1.11,"3,424,740",0:01:13,84.90%,"4,278,172",1.28
2014-08-31,"2,914,410","1,041,114",1.15,"3,339,397",0:01:14,84.09%,"4,300,196",1.31
2014-09-01,"2,917,951","1,055,278",1.11,"3,226,523",0:01:25,84.10%,"4,124,004",1.3
2014-09-02,"3,105,635","1,087,149",1.14,"3,526,601",0:01:12,84.74%,"4,462,623",1.25
2014-09-03,"3,063,140","987,996",1.16,"3,543,119",0:01:23,83.52%,"4,630,557",1.33
2014-09-04,"2,914,410","966,748",1.15,"3,364,174",0:01:25,83.16%,"4,330,479",1.28
2014-09-05,"2,698,396","1,012,784",1.15,"3,105,391",0:01:18,84.38%,"4,055,178",1.29
2014-09-06,"2,241,581","779,065",1.12,"2,505,236",0:01:44,81.61%,"3,490,812",1.39
2014-09-07,"2,014,944","612,628",1.16,"2,329,043",0:01:17,83.89%,"3,017,295",1.3
2014-09-08,"1,632,494","520,557",1.15,"1,869,291",0:01:38,83.90%,"2,565,802",1.39
2014-09-09,"2,400,935","934,878",1.15,"2,750,253",0:01:44,83.01%,"3,617,450",1.32
2014-09-10,"2,747,973","1,207,550",1.12,"3,077,861",0:02:08,83.91%,"3,934,046",1.28
2014-09-11,"2,199,087","743,653",1.14,"2,505,236",0:01:19,83.88%,"3,408,222",1.32
2014-09-12,"2,298,241","733,029",1.16,"2,656,651",0:01:32,81.62%,"3,622,956",1.34
2014-09-13,"2,000,780","694,076",1.16,"2,326,290",0:01:40,81.43%,"3,020,048",1.32
2014-09-14,"1,604,165","502,851",1.17,"1,877,550",0:01:26,81.32%,"2,609,850",1.42
2014-09-15,"1,706,860","502,851",1.15,"1,951,882",0:02:05,81.16%,"2,901,669",1.54
2014-09-16,"1,940,579","609,087",1.17,"2,276,736",0:01:31,82.58%,"3,055,837",1.33
2014-09-17,"2,620,490","949,042",1.15,"3,014,542",0:01:29,83.22%,"3,917,528",1.3
2014-09-18,"2,060,980","672,829",1.12,"2,298,760",0:01:17,86.13%,"3,075,108",1.33
2014-09-19,"1,724,566","594,922",1.14,"1,965,647",0:01:21,82.88%,"2,615,356",1.33
2014-09-20,"1,696,236","644,499",1.14,"1,927,104",0:02:10,80.18%,"2,593,332",1.37
2014-09-21,"1,724,566","640,958",1.16,"1,998,683",0:01:31,83.16%,"2,656,651",1.35
2014-09-22,"3,077,305","1,405,857",1.09,"3,364,174",0:01:30,84.65%,"4,603,027",1.37
2014-09-23,"3,551,826","1,795,390",1.09,"3,873,480",0:01:20,84.37%,"5,071,038",1.28
2014-09-24,"3,367,684","1,646,659",1.12,"3,760,607",0:01:13,85.89%,"4,762,701",1.26
2014-09-25,"2,291,158","959,666",1.1,"2,519,001",0:00:52,85.25%,"3,042,072",1.22
2014-09-26,"2,294,699","984,454",1.13,"2,587,826",0:01:18,84.54%,"3,499,071",1.35
2014-09-27,"2,361,982","1,076,526",1.13,"2,659,404",0:01:38,82.56%,"3,391,704",1.28
2014-09-28,"2,000,780","789,688",1.14,"2,273,983",0:01:36,82.12%,"3,080,614",1.37
2014-09-29,"2,443,430","945,501",1.12,"2,733,735",0:01:24,80.96%,"3,771,619",1.37
2014-09-30,"2,900,245","1,154,432",1.16,"3,353,162",0:01:31,81.63%,"4,448,858",1.31
2014-10-01,"3,275,612","1,526,258",1.12,"3,661,498",0:01:10,83.08%,"4,784,725",1.3
2014-10-02,"2,616,949","1,108,396",1.08,"2,830,091",0:01:22,81.48%,"3,969,835",1.4
2014-10-03,"2,369,065","949,042",1.14,"2,706,205",0:01:27,82.07%,"3,716,559",1.37
2014-10-04,"2,301,782","1,019,866",1.1,"2,532,766",0:01:23,84.22%,"3,377,939",1.3
2014-10-05,"1,802,472","662,205",1.12,"2,020,707",0:01:35,81.09%,"2,689,687",1.35
2014-10-06,"2,694,855","1,087,149",1.15,"3,102,638",0:01:21,80.05%,"4,272,666",1.37
2014-10-07,"2,432,806","917,171",1.18,"2,865,880",0:01:54,81.21%,"4,192,829",1.44
2014-10-08,"2,337,194","867,595",1.14,"2,667,663",0:01:27,80.11%,"3,664,251",1.36
2014-10-09,"2,995,857","1,370,445",1.11,"3,314,620",0:01:13,85.58%,"4,294,690",1.3
2014-10-10,"3,006,481","1,551,047",1.08,"3,256,807",0:01:03,85.87%,"4,148,781",1.3
2014-10-11,"2,358,441","1,193,385",1.09,"2,568,555",0:01:03,86.90%,"3,248,548",1.27
2014-10-12,"1,717,483","743,653",1.07,"1,844,514",0:01:08,84.84%,"2,384,104",1.29
2014-10-13,"1,713,942","718,864",1.15,"1,973,906",0:01:45,78.14%,"2,750,253",1.42
2014-10-14,"1,777,684","655,122",1.14,"2,017,954",0:01:37,82.11%,"2,697,946",1.35
2014-10-15,"1,738,731","531,180",1.15,"2,004,189",0:02:07,75.80%,"2,907,175",1.48
2014-10-16,"1,745,813","640,958",1.13,"1,965,647",0:01:50,80.18%,"2,664,910",1.35
2014-10-17,"1,412,940","467,439",1.17,"1,649,051",0:01:29,81.72%,"2,221,676",1.34
2014-10-18,"1,122,561","396,615",1.15,"1,285,654",0:01:44,79.06%,"1,789,454",1.37
2014-10-19,"1,448,352","499,310",1.25,"1,805,972",0:02:09,78.82%,"2,640,133",1.45
2014-10-20,"1,806,013","580,757",1.23,"2,216,170",0:01:46,79.23%,"3,069,602",1.37
2014-10-21,"1,873,296","740,111",1.18,"2,207,911",0:01:31,83.31%,"2,998,024",1.34
2014-10-22,"2,163,675","871,136",1.13,"2,441,917",0:01:38,81.74%,"3,419,234",1.35
2014-10-23,"2,662,984","1,119,020",1.13,"2,998,024",0:02:18,80.76%,"4,005,624",1.36
2014-10-24,"2,383,229","970,290",1.13,"2,700,699",0:01:41,77.95%,"3,851,456",1.43
2014-10-25,"1,682,071","598,463",1.14,"1,921,598",0:01:22,80.26%,"2,629,121",1.35
2014-10-26,"3,031,270","1,335,033",1.13,"3,430,246",0:01:14,84.42%,"4,355,256",1.29
2014-10-27,"2,415,100","1,051,737",1.12,"2,711,711",0:01:30,84.07%,"3,488,059",1.3
2014-10-28,"2,436,347","913,630",1.12,"2,725,476",0:02:02,81.95%,"3,906,516",1.4
2014-10-29,"2,808,174","1,168,597",1.15,"3,215,511",0:01:30,82.60%,"4,426,834",1.4
2014-10-30,"2,829,421","1,274,833",1.12,"3,154,945",0:01:18,83.39%,"4,173,558",1.32
2014-10-31,"1,979,532","750,735",1.16,"2,307,019",0:01:24,82.33%,"3,022,801",1.33
2014-11-01,"1,678,530","665,746",1.23,"2,059,249",0:01:51,80.72%,"2,797,054",1.38
2014-11-02,"1,742,272","609,087",1.12,"1,960,141",0:01:41,79.75%,"2,681,428",1.39
2014-11-03,"1,728,107","587,840",1.14,"1,971,153",0:01:19,81.51%,"2,576,814",1.28
2014-11-04,"1,614,788","616,169",1.14,"1,836,255",0:01:53,79.58%,"2,750,253",1.5
2014-11-05,"1,434,187","449,733",1.16,"1,665,569",0:01:51,79.62%,"2,337,302",1.37
2014-11-06,"1,526,258","499,310",1.2,"1,827,996",0:02:02,79.84%,"2,626,368",1.39
2014-11-07,"1,430,646","502,851",1.1,"1,577,473",0:01:13,81.57%,"2,122,568",1.33
2014-11-08,"1,165,056","424,944",1.17,"1,368,244",0:02:08,82.64%,"1,899,574",1.36
2014-11-09,"1,065,902","368,285",1.17,"1,247,112",0:01:58,78.98%,"1,786,701",1.46
2014-11-10,"1,083,608","336,414",1.15,"1,244,359",0:01:28,79.20%,"1,701,358",1.36
2014-11-11,"1,172,138","389,532",1.12,"1,315,937",0:01:35,81.40%,"1,833,502",1.38
2014-11-12,"995,078","318,708",1.15,"1,145,251",0:01:41,78.09%,"1,682,087",1.5
2014-11-13,"927,795","361,203",1.15,"1,068,166",0:01:50,81.06%,"1,511,400",1.36
2014-11-14,"814,477","254,967",1.23,"1,002,094",0:02:07,77.39%,"1,555,449",1.52
2014-11-15,"1,083,608","435,568",1.2,"1,299,419",0:01:27,83.11%,"1,756,418",1.32
2014-11-16,"1,250,045","520,557",1.11,"1,387,515",0:01:28,84.18%,"1,797,713",1.27
2014-11-17,"931,336","336,414",1.14,"1,062,660",0:01:10,83.33%,"1,340,714",1.29
2014-11-18,"1,026,949","400,156",1.14,"1,167,275",0:01:29,84.85%,"1,569,214",1.38
2014-11-19,"1,745,813","725,947",1.14,"1,982,165",0:01:34,83.93%,"2,626,368",1.34
2014-11-20,"2,330,111","1,087,149",1.08,"2,510,742",0:01:04,85.19%,"3,196,240",1.25
2014-11-21,"1,434,187","648,040",1.1,"1,582,979",0:01:06,85.91%,"2,114,309",1.33
2014-11-22,"1,494,388","633,875",1.09,"1,632,533",0:01:03,84.82%,"2,097,791",1.26
2014-11-23,"1,915,791","864,053",1.11,"2,125,321",0:01:07,85.50%,"2,667,663",1.24
2014-11-24,"1,880,379","793,229",1.11,"2,078,520",0:01:03,85.69%,"2,651,145",1.23
2014-11-25,"1,908,708","924,254",1.12,"2,144,592",0:00:48,86.45%,"2,648,392",1.23
2014-11-26,"2,337,194","1,072,984",1.1,"2,568,555",0:01:03,86.91%,"3,254,054",1.25
2014-11-27,"1,582,918","701,158",1.09,"1,728,888",0:01:10,84.63%,"2,293,254",1.32
2014-11-28,"1,211,091","478,062",1.11,"1,337,961",0:01:35,81.75%,"1,775,689",1.33
2014-11-29,"1,225,256","467,439",1.15,"1,412,292",0:01:35,79.95%,"1,852,773",1.34
2014-11-30,"1,299,621","506,392",1.19,"1,544,437",0:01:10,86.01%,"1,951,882",1.24
2014-12-01,"1,168,597","481,604",1.17,"1,365,491",0:01:20,83.90%,"1,759,171",1.29
2014-12-02,"1,179,220","513,474",1.13,"1,335,208",0:01:32,88.06%,"1,803,219",1.37
2014-12-03,"1,111,938","396,615",1.14,"1,266,383",0:01:07,83.52%,"1,684,840",1.34
2014-12-04,"1,738,731","786,147",1.12,"1,940,869",0:01:29,80.11%,"2,557,543",1.33
2014-12-05,"1,480,223","633,875",1.1,"1,627,027",0:01:18,86.71%,"2,042,731",1.26
2014-12-06,"1,505,011","679,911",1.14,"1,709,617",0:01:25,82.82%,"2,229,935",1.31
2014-12-07,"2,383,229","1,150,891",1.1,"2,631,874",0:01:03,87.89%,"3,262,313",1.25
2014-12-08,"2,298,241","1,172,138",1.05,"2,417,140",0:00:51,89.02%,"2,901,669",1.21
2014-12-09,"2,439,889","1,225,256",1.1,"2,675,922",0:01:05,88.23%,"3,289,843",1.22
2014-12-10,"1,834,343","842,806",1.11,"2,045,484",0:01:02,87.00%,"2,568,555",1.24
2014-12-11,"1,214,633","499,310",1.11,"1,348,973",0:00:57,85.56%,"1,684,840",1.28
2014-12-12,"1,175,679","453,274",1.1,"1,291,160",0:00:47,86.58%,"1,525,166",1.2
2014-12-13,"1,097,773","424,944",1.1,"1,211,323",0:01:06,87.43%,"1,464,599",1.23
2014-12-14,"1,894,543","832,183",1.13,"2,136,333",0:01:17,80.60%,"2,802,560",1.32
2014-12-15,"1,540,423","637,416",1.13,"1,739,900",0:01:21,81.87%,"2,196,899",1.3
2014-12-16,"1,951,203","849,889",1.15,"2,246,453",0:01:44,87.07%,"2,739,241",1.23
2014-12-17,"2,521,336","1,246,503",1.08,"2,719,970",0:00:59,88.15%,"3,221,017",1.19
2014-12-18,"2,209,710","987,996",1.1,"2,430,905",0:01:00,86.75%,"2,923,693",1.21
2014-12-19,"2,131,804","998,619",1.08,"2,307,019",0:00:46,88.04%,"2,739,241",1.2
2014-12-20,"1,200,468","545,345",1.11,"1,337,961",0:00:57,87.00%,"1,668,322",1.26
2014-12-21,"1,540,423","701,158",1.11,"1,709,617",0:00:53,87.14%,"2,111,556",1.23
2014-12-22,"1,299,621","559,510",1.08,"1,404,033",0:00:37,90.68%,"1,629,780",1.13
2014-12-23,"1,104,855","414,321",1.14,"1,266,383",0:01:20,84.59%,"1,632,533",1.27
2014-12-24,"1,048,196","396,615",1.12,"1,172,781",0:01:38,83.38%,"1,560,955",1.32
2014-12-25,"584,298","187,684",1.1,"641,450",0:01:41,83.43%,"828,655",1.29
2014-12-26,"771,982","262,049",1.17,"908,492",0:00:43,85.16%,"1,167,275",1.21
2014-12-27,"984,454","354,120",1.1,"1,079,178",0:01:12,83.61%,"1,527,919",1.36
2014-12-28,"1,373,987","555,969",1.11,"1,530,672",0:00:59,83.56%,"2,084,026",1.31
2014-12-29,"2,372,606","1,058,820",1.1,"2,607,097",0:01:03,85.33%,"3,201,746",1.24
2014-12-30,"2,174,298","1,119,020",1.06,"2,309,772",0:01:19,85.76%,"2,976,000",1.28
2014-12-31,"1,239,421","478,062",1.1,"1,359,985",0:00:49,86.46%,"1,726,135",1.26
2015-01-01,"899,465","315,167",1.17,"1,048,895",0:01:19,81.82%,"1,370,997",1.28
2015-01-02,"1,299,621","492,227",1.11,"1,439,822",0:01:30,83.05%,"1,891,315",1.32
2015-01-03,"1,405,857","609,087",1.08,"1,514,154",0:01:17,83.37%,"1,957,388",1.29
2015-01-04,"1,285,457","517,016",1.11,"1,428,810",0:01:14,86.85%,"1,781,195",1.24
2015-01-05,"1,200,468","488,686",1.09,"1,313,184",0:00:50,86.52%,"1,682,087",1.24
2015-01-06,"1,211,091","577,216",1.08,"1,304,925",0:00:41,86.41%,"1,577,473",1.23
2015-01-07,"1,069,443","417,862",1.1,"1,172,781",0:01:07,81.27%,"1,519,660",1.31
2015-01-08,"1,246,503","545,345",1.09,"1,362,738",0:01:15,84.16%,"1,756,418",1.3
2015-01-09,"1,140,267","481,604",1.12,"1,274,642",0:01:08,85.28%,"1,627,027",1.3
2015-01-10,"938,419","421,403",1.13,"1,059,907",0:01:24,84.28%,"1,362,738",1.31
2015-01-11,"1,069,443","449,733",1.06,"1,131,486",0:01:08,85.31%,"1,456,340",1.31
2015-01-12,"1,250,045","463,898",1.08,"1,348,973",0:01:10,87.14%,"1,679,334",1.27
2015-01-13,"2,670,067","1,338,575",1.06,"2,841,103",0:00:59,86.05%,"3,622,956",1.3
2015-01-14,"2,507,172","1,218,174",1.06,"2,651,145",0:00:35,86.92%,"3,201,746",1.2
2015-01-15,"2,245,123","1,037,572",1.08,"2,417,140",0:02:02,86.07%,"3,182,475",1.33
2015-01-16,"1,267,751","517,016",1.11,"1,415,045",0:00:53,82.71%,"1,775,689",1.25
2015-01-17,"1,618,330","612,628",1.14,"1,844,514",0:01:40,85.03%,"2,378,598",1.32
2015-01-18,"1,366,904","527,639",1.12,"1,538,931",0:01:28,82.72%,"2,100,544",1.38
2015-01-19,"1,278,374","481,604",1.08,"1,382,009",0:01:32,82.82%,"1,863,785",1.35
2015-01-20,"1,218,174","463,898",1.16,"1,412,292",0:01:18,83.46%,"1,814,231",1.26
2015-01-21,"1,204,009","439,109",1.07,"1,291,160",0:01:04,84.93%,"1,638,039",1.25
2015-01-22,"1,168,597","428,486",1.13,"1,324,196",0:01:22,83.16%,"1,778,442",1.34
2015-01-23,"1,104,855","424,944",1.14,"1,255,371",0:01:13,81.41%,"1,706,864",1.35
2015-01-24,"1,115,479","371,826",1.18,"1,313,184",0:01:43,79.78%,"1,660,063",1.29
2015-01-25,"1,505,011","517,016",1.16,"1,742,653",0:01:38,80.08%,"2,406,128",1.43
2015-01-26,"1,505,011","517,016",1.13,"1,698,605",0:01:18,85.83%,"2,125,321",1.24
2015-01-27,"1,505,011","584,298",1.1,"1,660,063",0:01:09,84.65%,"2,139,086",1.28
2015-01-28,"1,165,056","428,486",1.1,"1,282,901",0:01:22,79.01%,"1,924,351",1.49
2015-01-29,"1,207,550","499,310",1.12,"1,354,479",0:01:41,81.20%,"1,822,490",1.33
2015-01-30,"1,540,423","686,993",1.09,"1,679,334",0:00:57,86.50%,"2,050,990",1.23
2015-01-31,"1,593,541","679,911",1.1,"1,756,418",0:01:15,84.27%,"2,293,254",1.3
2015-02-01,"1,968,909","818,018",1.11,"2,183,134",0:00:52,85.71%,"2,695,193",1.23
2015-02-02,"2,167,216","853,430",1.14,"2,474,953",0:01:06,84.98%,"3,055,837",1.25
2015-02-03,"1,561,670","644,499",1.09,"1,701,358",0:01:24,81.25%,"2,229,935",1.36
2015-02-04,"1,650,200","686,993",1.09,"1,803,219",0:00:36,87.03%,"2,163,863",1.2
2015-02-05,"1,196,927","470,980",1.08,"1,293,913",0:01:00,86.03%,"1,673,828",1.25
2015-02-06,"1,143,808","453,274",1.16,"1,326,949",0:01:13,83.73%,"1,866,538",1.41
2015-02-07,"1,246,503","495,768",1.11,"1,382,009",0:01:26,84.36%,"1,833,502",1.37
2015-02-08,"1,735,189","704,699",1.14,"1,979,412",0:01:27,82.65%,"2,554,790",1.3
2015-02-09,"2,298,241","1,072,984",1.13,"2,593,332",0:01:20,83.90%,"3,523,848",1.38
2015-02-10,"1,600,624","605,546",1.1,"1,767,430",0:01:07,86.57%,"2,150,098",1.21
2015-02-11,"1,487,305","594,922",1.13,"1,676,581",0:01:14,84.60%,"2,053,743",1.25
2015-02-12,"1,115,479","449,733",1.07,"1,189,299",0:00:54,83.93%,"1,492,129",1.25
2015-02-13,"1,037,572","389,532",1.1,"1,142,498",0:01:09,86.07%,"1,461,846",1.26
2015-02-14,"1,806,013","722,405",1.11,"2,004,189",0:01:04,86.40%,"2,485,965",1.24
2015-02-15,"1,508,552","616,169",1.1,"1,660,063",0:01:11,88.27%,"2,268,477",1.28
2015-02-16,"1,501,470","633,875",1.07,"1,610,509",0:01:10,81.98%,"2,139,086",1.36
2015-02-17,"1,292,539","517,016",1.12,"1,442,575",0:01:19,85.26%,"1,841,761",1.3
2015-02-18,"1,250,045","442,650",1.14,"1,420,551",0:00:57,86.78%,"1,737,147",1.22
2015-02-19,"1,940,579","871,136",1.06,"2,064,755",0:01:11,83.88%,"2,640,133",1.32
2015-02-20,"1,724,566","609,087",1.1,"1,891,315",0:01:03,83.90%,"2,403,375",1.28
2015-02-21,"1,466,058","506,392",1.13,"1,649,051",0:01:17,83.05%,"2,210,664",1.31
2015-02-22,"1,182,762","470,980",1.11,"1,313,184",0:01:05,85.44%,"1,668,322",1.22
2015-02-23,"1,310,245","478,062",1.11,"1,448,081",0:01:02,87.53%,"1,792,207",1.25
2015-02-24,"1,264,209","520,557",1.06,"1,335,208",0:00:58,85.41%,"1,698,605",1.28
2015-02-25,"2,266,370","1,058,820",1.07,"2,419,893",0:00:31,91.22%,"2,744,747",1.13
2015-02-26,"1,366,904","573,675",1.11,"1,511,400",0:00:57,86.65%,"1,844,514",1.19
2015-02-27,"1,147,350","442,650",1.09,"1,247,112",0:01:07,86.93%,"1,552,696",1.26
2015-02-28,"864,053","329,332",1.07,"925,010",0:01:29,82.76%,"1,382,009",1.57
2015-03-01,"1,034,031","343,497",1.11,"1,148,004",0:01:44,82.41%,"1,654,557",1.5
2015-03-02,"1,593,541","633,875",1.1,"1,750,912",0:01:12,86.46%,"2,205,158",1.27
2015-03-03,"1,480,223","584,298",1.08,"1,596,744",0:01:17,82.93%,"2,064,755",1.3
2015-03-04,"1,189,844","502,851",1.1,"1,313,184",0:01:04,88.95%,"1,673,828",1.27
2015-03-05,"1,483,764","665,746",1.07,"1,580,226",0:01:03,82.77%,"2,078,520",1.31
2015-03-06,"1,055,278","410,780",1.08,"1,142,498",0:01:09,85.45%,"1,459,093",1.29
2015-03-07,"1,271,292","570,134",1.08,"1,365,491",0:01:05,82.64%,"1,695,852",1.25
2015-03-08,"934,878","389,532",1.14,"1,065,413",0:01:47,83.06%,"1,486,623",1.45
2015-03-09,"1,214,633","453,274",1.11,"1,348,973",0:01:45,84.51%,"1,781,195",1.38
2015-03-10,"1,398,775","648,040",1.06,"1,475,611",0:00:52,86.09%,"1,778,442",1.23
2015-03-11,"1,405,857","686,993",1.04,"1,461,846",0:00:25,87.41%,"1,789,454",1.18
2015-03-12,"1,207,550","474,521",1.1,"1,324,196",0:01:05,86.36%,"1,698,605",1.26
2015-03-13,"1,179,220","506,392",1.08,"1,269,136",0:00:47,83.57%,"1,613,262",1.28
2015-03-14,"1,200,468","520,557",1.12,"1,346,220",0:01:04,87.89%,"1,657,310",1.24
2015-03-15,"1,770,601","818,018",1.11,"1,968,400",0:00:58,83.99%,"2,563,049",1.26
2015-03-16,"1,607,706","761,359",1.11,"1,789,454",0:01:00,84.16%,"2,296,007",1.31
2015-03-17,"1,179,220","520,557",1.08,"1,271,889",0:01:08,86.63%,"1,610,509",1.26
2015-03-18,"1,568,753","669,287",1.1,"1,723,382",0:00:54,87.45%,"2,133,580",1.23
2015-03-19,"1,494,388","747,194",1.05,"1,569,214",0:01:11,83.75%,"1,990,424",1.29
2015-03-20,"1,041,114","463,898",1.1,"1,142,498",0:00:47,85.09%,"1,494,882",1.29
2015-03-21,"980,913","393,073",1.09,"1,068,166",0:01:22,86.75%,"1,464,599",1.43
2015-03-22,"984,454","417,862",1.07,"1,057,154",0:01:02,85.91%,"1,326,949",1.29
2015-03-23,"1,225,256","570,134",1.06,"1,299,419",0:01:23,84.74%,"1,805,972",1.41
2015-03-24,"1,342,116","619,710",1.05,"1,412,292",0:00:36,86.97%,"1,772,936",1.17
2015-03-25,"1,975,991","885,301",1.07,"2,122,568",0:00:56,85.14%,"2,744,747",1.26
2015-03-26,"1,359,822","598,463",1.08,"1,464,599",0:01:04,84.30%,"1,916,092",1.26
2015-03-27,"1,239,421","527,639",1.05,"1,296,666",0:00:57,85.25%,"1,657,310",1.28
2015-03-28,"1,012,784","375,367",1.09,"1,109,462",0:01:03,86.90%,"1,365,491",1.24
2015-03-29,"984,454","424,944",1.07,"1,057,154",0:01:36,81.21%,"1,348,973",1.32
2015-03-30,"1,246,503","538,263",1.07,"1,340,714",0:00:57,87.30%,"1,662,816",1.21
2015-03-31,"973,831","410,780",1.09,"1,062,660",0:00:52,86.67%,"1,321,443",1.21
2015-04-01,"786,147","332,873",1.06,"836,914",0:00:35,85.59%,"1,007,600",1.21
2015-04-02,"1,593,541","757,817",1.09,"1,737,147",0:01:06,87.37%,"2,031,719",1.17
2015-04-03,"1,721,025","771,982",1.07,"1,847,267",0:00:54,86.78%,"2,251,959",1.23
2015-04-04,"1,214,633","552,428",1.05,"1,274,642",0:01:39,86.67%,"1,764,677",1.44
2015-04-05,"888,842","371,826",1.09,"969,058",0:00:58,90.51%,"1,175,534",1.2
2015-04-06,"945,501","364,744",1.1,"1,037,883",0:01:13,84.98%,"1,315,937",1.24
2015-04-07,"949,042","442,650",1.05,"999,341",0:00:46,85.82%,"1,211,323",1.2
2015-04-08,"1,260,668","534,722",1.09,"1,368,244",0:00:31,88.89%,"1,635,286",1.17
2015-04-09,"1,108,396","478,062",1.05,"1,170,028",0:00:58,83.94%,"1,486,623",1.31
2015-04-10,"1,069,443","495,768",1.04,"1,112,215",0:00:40,87.58%,"1,321,443",1.18
2015-04-11,"1,083,608","509,933",1.03,"1,117,721",0:01:05,86.08%,"1,431,563",1.24
2015-04-12,"938,419","382,450",1.05,"988,329",0:01:00,87.10%,"1,269,136",1.23
2015-04-13,"938,419","463,898",1.09,"1,021,365",0:01:58,83.74%,"1,591,238",1.61
2015-04-14,"984,454","488,686",1.08,"1,068,166",0:01:43,84.05%,"1,500,388",1.45
2015-04-15,"747,194","339,955",1.08,"809,384",0:01:02,85.09%,"1,021,365",1.29
2015-04-16,"1,090,690","520,557",1.06,"1,150,757",0:00:52,85.85%,"1,470,105",1.23
2015-04-17,"722,405","354,120",1.03,"748,818",0:00:31,90.05%,"880,962",1.12
2015-04-18,"736,570","315,167",1.06,"784,607",0:00:34,86.43%,"947,034",1.18
2015-04-19,"552,428","258,508",1.11,"613,920",0:00:32,87.86%,"773,595",1.16
2015-04-20,"1,611,247","715,323",1.07,"1,726,135",0:00:50,86.68%,"2,012,448",1.17
2015-04-21,"1,260,668","584,298",1.08,"1,368,244",0:00:44,87.82%,"1,646,298",1.18
2015-04-22,"1,175,679","531,180",1.06,"1,244,359",0:00:42,90.03%,"1,470,105",1.19
2015-04-23,"1,271,292","655,122",1.06,"1,351,726",0:01:09,87.70%,"1,624,274",1.2
2015-04-24,"1,165,056","591,381",1.05,"1,222,335",0:00:28,90.14%,"1,382,009",1.14
2015-04-25,"1,225,256","598,463",1.03,"1,269,136",0:00:46,90.22%,"1,489,376",1.17
2015-04-26,"779,065","371,826",1.09,"850,679",0:00:41,90.42%,"1,026,871",1.25
2015-04-27,"878,218","322,249",1.09,"958,046",0:01:27,84.44%,"1,227,841",1.27
2015-04-28,"1,327,951","644,499",1.07,"1,428,810",0:00:54,88.34%,"1,720,629",1.15
2015-04-29,"1,416,481","757,817",1.06,"1,494,882",0:00:47,89.10%,"1,739,900",1.18
2015-04-30,"885,301","414,321",1.07,"947,034",0:01:09,87.64%,"1,189,299",1.26
